{
  "_comment": "Fill in your real calibration values and remove this comment. All units in pixels (K) and mm (baseline). Run single-camera calibration (chessboard) for K/D values.",

  "K1": [
    [1595.9960620727593,   0.0, 1225.0036395686775],
    [  0.0, 1598.40348489101, 1010.9345373463333],
    [  0.0,   0.0,   1.0]
  ],
  "D1": [0.11091395548199694, -0.1437799262811096, 0.007818227875159787, -0.0014804564726616464, 0.0],

  "K2": [
    [1588.2406508914485,   0.0, 1307.1965014217037],
    [  0.0, 1589.209153455103, 917.6322400474161],
    [  0.0,   0.0,   1.0]
  ],
  "D2": [0.09273854132030235, -0.13275388556681428, -0.007946093004836471, -0.005465521592628659, 0.0],

  "baseline": 59.0,

  "_optional_comment": "Add R (3x3 rotation matrix) and T ([tx,ty,tz] translation) only if you have run cv2.stereoCalibrate. If omitted, R=identity and T=[baseline,0,0] are assumed (cameras treated as perfectly parallel)."
}
